county,state,pop_2010,pop_2018,pct_chg
McKenzie,North Dakota,6411,13632,112.63
Williams,North Dakota,22588,35350,56.5
Hays,Texas,158212,222631,40.72
Wasatch,Utah,23644,33240,40.59
Trousdale,Tennessee,7874,11012,39.85
Hudspeth,Texas,3472,4795,38.1
Sumter,Florida,94278,128754,36.57
Osceola,Florida,269841,367990,36.37
Comal,Texas,109270,148373,35.79
Kendall,Texas,33616,45641,35.77
Dallas,Iowa,66748,90180,35.11
Forsyth,Georgia,176750,236612,33.87
Fort Bend,Texas,590260,787858,33.48
St. Johns,Florida,191243,254261,32.95
Williamson,Texas,426284,566719,32.94
Mountrail,North Dakota,7705,10218,32.62
Long,Georgia,14559,18998,30.49
Lincoln,South Dakota,45187,58807,30.14
Walton,Florida,55211,71375,29.28
Loudoun,Virginia,315479,406850,28.96
Denton,Texas,666768,859064,28.84
Montgomery,Texas,459210,590925,28.68
Rockwall,Texas,78907,100657,27.56
Collin,Texas,788431,1005146,27.49
Horry,South Carolina,270257,344147,27.34
Stark,North Dakota,24360,30997,27.25
St. Bernard Parish,Louisiana,36824,46721,26.88
Brunswick,North Carolina,108065,136744,26.54
Morgan,Utah,9522,12045,26.5
Midland,Texas,136985,172578,25.98
Williamson,Tennessee,184128,231729,25.85
Bryan,Georgia,30378,38109,25.45
Gallatin,Montana,89651,111876,24.79
Canadian,Oklahoma,116341,144447,24.16
Washington,Utah,138392,171700,24.07
Lancaster,South Carolina,76972,95380,23.92
Kaufman,Texas,103890,128622,23.81
Weld,Colorado,254198,314305,23.65
Columbia,Georgia,124977,154291,23.46
Guadalupe,Texas,132596,163694,23.45
Berkeley,South Carolina,179420,221091,23.23
Broomfield,Colorado,56221,69267,23.2
Rutherford,Tennessee,263702,324890,23.2
Wilson,Tennessee,114685,140625,22.62
Dunn,North Dakota,3536,4332,22.51
Benton,Arkansas,222592,272608,22.47
Manatee,Florida,323427,394855,22.08
Andrews,Texas,14849,18128,22.08
Waller,Texas,43524,53126,22.06
Deschutes,Oregon,157743,191996,21.71
Lee,Florida,620454,754610,21.62
Travis,Texas,1030539,1248743,21.17
York,South Carolina,226865,274118,20.83
Cass,North Dakota,150305,181516,20.77
New Kent,Virginia,18543,22391,20.75
Wake,North Carolina,906882,1092305,20.45
Orange,Florida,1148593,1380645,20.2
Matanuska-Susitna Borough,Alaska,89735,107610,19.92
Manassas Park city,Virginia,14447,17307,19.8
Chambers,Texas,35446,42454,19.77
Lake,Florida,297708,356495,19.75
Fredericksburg city,Virginia,24354,29144,19.67
Utah,Utah,519994,622213,19.66
Martin,Texas,4809,5753,19.63
Tooele,Utah,58501,69907,19.5
Ada,Idaho,393350,469966,19.48
Douglas,Colorado,286977,342776,19.44
Johnston,North Carolina,169681,202675,19.44
Hamilton,Indiana,276509,330086,19.38
Ellis,Texas,150371,179436,19.33
Franklin,Washington,79083,94347,19.3
Oconee,Georgia,32927,39272,19.27
Baldwin,Alabama,183111,218022,19.07
Montgomery,Tennessee,173158,205950,18.94
Gaines,Texas,17589,20901,18.83
Falls Church city,Virginia,12434,14772,18.8
Denver,Colorado,603354,716492,18.75
Pender,North Carolina,52416,62162,18.59
Effingham,Georgia,52465,62190,18.54
Scott,Kentucky,47280,56031,18.51
Mecklenburg,North Carolina,923258,1093901,18.48
Cabarrus,North Carolina,178535,211342,18.38
Ector,Texas,137083,162124,18.27
Cherokee,Georgia,215191,254149,18.1
Hood,Texas,51268,60537,18.08
Canyon,Idaho,189353,223499,18.03
Parker,Texas,117325,138371,17.94
Pinal,Arizona,379547,447138,17.81
Brazoria,Texas,314447,370200,17.73
Boone,Indiana,56914,66999,17.72
Polk,Florida,603128,708009,17.39
Collier,Florida,322595,378488,17.33
Santa Rosa,Florida,152908,179349,17.29
Dorchester,South Carolina,137057,160647,17.21
Delaware,Ohio,175098,204826,16.98
Bastrop,Texas,74362,86976,16.96
Nassau,Florida,73513,85832,16.76
Durham,North Carolina,271354,316739,16.73
Union,North Carolina,202110,235908,16.72
Larimer,Colorado,300450,350518,16.66
Wilson,Texas,43057,50224,16.65
Flagler,Florida,96077,112067,16.64
Burleigh,North Dakota,81701,95273,16.61
Hillsborough,Florida,1233491,1436888,16.49
Lee,Alabama,140806,163941,16.43
Kootenai,Idaho,138852,161505,16.31
Maury,Tennessee,81171,94340,16.22
Jasper,South Carolina,24931,28971,16.2
Washington,Arkansas,204019,236961,16.15
District of Columbia,District of Columbia,605085,702455,16.09
Sumner,Tennessee,161211,187149,16.09
Jackson,Georgia,60695,70422,16.03
Barrow,Georgia,69677,80809,15.98
Harnett,North Carolina,115742,134214,15.96
Pasco,Florida,465486,539630,15.93
Beaufort,South Carolina,162846,188715,15.89
Brazos,Texas,195663,226758,15.89
Sussex,Delaware,197890,229286,15.87
Lake,South Dakota,11279,13057,15.76
Charlotte,Florida,159867,184998,15.72
Custer,Colorado,4283,4954,15.67
Charleston,South Carolina,350963,405905,15.65
Limestone,Alabama,83173,96174,15.63
Wise,Texas,59101,68305,15.57
Ascension Parish,Louisiana,107886,124672,15.56
Kittitas,Washington,40989,47364,15.55
Galveston,Texas,292476,337890,15.53
Stafford,Virginia,129835,149960,15.5
Sarpy,Nebraska,159721,184459,15.49
St. Lucie,Florida,278270,321128,15.4
Adams,Colorado,443698,511868,15.36
Maricopa,Arizona,3825191,4410824,15.31
Hoke,North Carolina,47496,54764,15.3
Sterling,Texas,1137,1311,15.3
Bexar,Texas,1722855,1986049,15.28
Prince William,Virginia,406171,468011,15.23
King,Washington,1938375,2233163,15.21
Lafayette,Mississippi,47567,54793,15.19
Johnson,Iowa,131339,151260,15.17
McClain,Oklahoma,34736,39985,15.11
Summit,Utah,36500,41933,14.88
Paulding,Georgia,142817,164044,14.86
Gwinnett,Georgia,808049,927781,14.82
Warren,Kentucky,114325,131264,14.82
Frio,Texas,17258,19816,14.82
Platte,Missouri,89700,102985,14.81
Shelby,Kentucky,42267,48518,14.79
Tarrant,Texas,1817507,2084931,14.71
Okaloosa,Florida,180715,207269,14.69
Teton,Idaho,10151,11640,14.67
Chatham,North Carolina,63840,73139,14.57
Bledsoe,Tennessee,12884,14755,14.52
Hendricks,Indiana,145912,167009,14.46
Benton,Washington,176465,201877,14.4
Harris,Texas,4107828,4698619,14.38
Currituck,North Carolina,23674,27072,14.35
Clark,Nevada,1952644,2231647,14.29
Crook,Oregon,20885,23867,14.28
Archuleta,Colorado,12046,13765,14.27
New Hanover,North Carolina,203286,232274,14.26
Davis,Utah,307906,351713,14.23
Iron,Utah,46263,52775,14.08
Alexandria city,Virginia,140740,160530,14.06
Coweta,Georgia,127919,145864,14.03
Park,Colorado,16280,18556,13.98
Madison,Montana,7697,8768,13.91
Snohomish,Washington,715507,814901,13.89
El Paso,Colorado,626904,713856,13.87
Indian River,Florida,138272,157413,13.84
Greenlee,Arizona,8332,9483,13.81
Liberty,Texas,75856,86323,13.8
Bell,Texas,312850,355642,13.68
Greenville,South Carolina,452672,514213,13.6
Elbert,Colorado,23143,26282,13.56
Minnehaha,South Dakota,169952,192876,13.49
Arlington,Virginia,209287,237521,13.49
Fulton,Georgia,925651,1050114,13.45
Reeves,Texas,13836,15695,13.44
Caldwell,Texas,38131,43247,13.42
Arapahoe,Colorado,574762,651215,13.3
Johnson,Texas,151248,171361,13.3
Carver,Minnesota,91403,103551,13.29
Thurston,Washington,252996,286419,13.21
Scott,Minnesota,130511,147381,12.93
Clark,Washington,426709,481857,12.92
James City,Virginia,67668,76397,12.9
Clay,Florida,191434,216072,12.87
Polk,Oregon,75545,85234,12.83
Valley,Idaho,9788,11041,12.8
Saline,Arkansas,107653,121421,12.79
Morton,North Dakota,27569,31095,12.79
Polk,Iowa,432362,487204,12.68
Glasscock,Texas,1232,1388,12.66
Juab,Utah,10263,11555,12.59
Dawson,Georgia,22288,25083,12.54
DeSoto,Mississippi,161781,182001,12.5
Towns,Georgia,10537,11852,12.48
Chaffee,Colorado,17808,20027,12.46
Frederick,Virginia,78564,88355,12.46
Logan,Oklahoma,42057,47291,12.45
Randall,Texas,121182,136271,12.45
Orleans Parish,Louisiana,347770,391006,12.43
Washington,Oregon,531645,597695,12.42
Flathead,Montana,90867,102106,12.37
Franklin,Ohio,1166261,1310300,12.35
Placer,California,350026,393149,12.32
Gunnison,Colorado,15355,17246,12.32
Union,Georgia,21368,24001,12.32
Sarasota,Florida,379937,426718,12.31
Hall,Georgia,180040,202148,12.28
Jefferson,Idaho,26221,29439,12.27
Palm Beach,Florida,1323648,1485941,12.26
Henry,Georgia,205091,230220,12.25
Denali Borough,Alaska,1835,2059,12.21
Craighead,Arkansas,96744,108558,12.21
King George,Virginia,23696,26575,12.15
Cache,Utah,113386,127068,12.07
Pierce,Washington,795393,891299,12.06
Lexington,South Carolina,263334,295032,12.04
Richmond city,Virginia,204256,228783,12.01
Howard,Maryland,288628,323196,11.98
Whatcom,Washington,201547,225685,11.98
Berkeley,West Virginia,104606,117123,11.97
Llano,Texas,19334,21646,11.96
Erath,Texas,37917,42446,11.94
Atascosa,Texas,44953,50310,11.92
Richland,Montana,9759,10913,11.82
Gilpin,Colorado,5475,6121,11.8
Christian,Missouri,77844,86983,11.74
Pottawatomie,Kansas,21728,24277,11.73
Hunt,Texas,86384,96493,11.7
Jefferson,Oregon,21660,24192,11.69
Iredell,North Carolina,159768,178435,11.68
Bonneville,Idaho,104672,116854,11.64
Radford city,Virginia,16430,18339,11.62
Salt Lake,Utah,1032979,1152633,11.58
Reagan,Texas,3353,3741,11.57
Saguache,Colorado,6136,6843,11.52
Tippecanoe,Indiana,173102,193048,11.52
Clayton,Georgia,259831,289615,11.46
Lamar,Mississippi,56042,62447,11.43
Rains,Texas,10913,12159,11.42
Nantucket,Massachusetts,10167,11327,11.41
Moore,North Carolina,88587,98682,11.4
Douglas,Washington,38515,42907,11.4
Walton,Georgia,83940,93503,11.39
Johnson,Indiana,140272,156225,11.37
San Miguel,Colorado,7357,8191,11.34
Blanco,Texas,10510,11702,11.34
Broward,Florida,1752834,1951260,11.32
Riverside,California,2201652,2450758,11.31
Kusilvak Census Area,Alaska,7465,8303,11.23
Suffolk,Massachusetts,725819,807252,11.22
Burnet,Texas,42755,47542,11.2
Dallas,Texas,2372327,2637772,11.19
Whitman,Washington,44794,49791,11.16
Hidalgo,Texas,779213,865939,11.13
Wahkiakum,Washington,3983,4426,11.12
Franklin,North Carolina,60818,67560,11.09
Aleutians East Borough,Alaska,3166,3515,11.02
Twin Falls,Idaho,77535,86081,11.02
Meade,South Dakota,25488,28294,11.01
Bandera,Texas,20562,22824,11
Dewey,South Dakota,5324,5904,10.89
Kendall,Illinois,115377,127915,10.87
Lancaster,Nebraska,286160,317272,10.87
Dane,Wisconsin,489200,542364,10.87
San Benito,California,55517,61537,10.84
Bryan,Oklahoma,42583,47192,10.82
Greene,Georgia,15979,17698,10.76
Jessamine,Kentucky,48685,53920,10.75
Volusia,Florida,494445,547538,10.74
Culpeper,Virginia,46839,51859,10.72
Grayson,Texas,121030,133991,10.71
Charlottesville city,Virginia,43463,48117,10.71
Madison,Kentucky,83469,92368,10.66
Ward,Texas,10593,11720,10.64
Clay,Missouri,222683,246365,10.63
Seminole,Florida,423057,467832,10.58
Madison,Mississippi,95538,105630,10.56
Houston,Georgia,140745,155469,10.46
Summit,Colorado,28077,31007,10.44
Clackamas,Oregon,376790,416075,10.43
Weber,Utah,232139,256359,10.43
Louisa,Virginia,33309,36778,10.41
Medina,Texas,46129,50921,10.39
Washoe,Nevada,421958,465735,10.37
Pennington,South Dakota,101238,111729,10.36
Hernando,Florida,172966,190865,10.35
Union,Ohio,52410,57835,10.35
St. Charles,Missouri,361798,399182,10.33
Davidson,Tennessee,627753,692587,10.33
West Baton Rouge Parish,Louisiana,23954,26427,10.32
Boone,Missouri,163194,180005,10.3
Harrisonburg city,Virginia,48991,54033,10.29
Boulder,Colorado,295774,326078,10.25
Spartanburg,South Carolina,284748,313888,10.23
White,Georgia,27199,29970,10.19
Boone,Kentucky,119379,131533,10.18
Warren,Iowa,46341,51056,10.17
Alameda,California,1513043,1666753,10.16
Miami-Dade,Florida,2507065,2761581,10.15
Tangipahoa Parish,Louisiana,121482,133777,10.12
Multnomah,Oregon,737291,811880,10.12
Brookings,South Dakota,31995,35232,10.12
Marshall,South Dakota,4642,5112,10.12
Polk,Texas,45447,50031,10.09
St. Tammany Parish,Louisiana,234537,258111,10.05
Harrison,Mississippi,187849,206650,10.01
Shelby,Alabama,196095,215707,10
Oldham,Kentucky,60435,66470,9.99
Monongalia,West Virginia,96758,106420,9.99
Ottawa,Michigan,264123,290494,9.98
Upton,Texas,3338,3671,9.98
Yavapai,Arizona,210983,231993,9.96
Oklahoma,Oklahoma,720787,792582,9.96
Alamance,North Carolina,151440,166436,9.9
Chesterfield,Virginia,317195,348556,9.89
Marion,Oregon,315951,346868,9.79
Marshall,Tennessee,30683,33683,9.78
Duval,Florida,865637,950181,9.77
Cobb,Georgia,689528,756865,9.77
Spencer,Kentucky,17121,18794,9.77
Watauga,North Carolina,50967,55945,9.77
Divide,North Dakota,2080,2283,9.76
Charles,Maryland,147156,161503,9.75
Webb,Texas,251391,275910,9.75
Routt,Colorado,23448,25733,9.74
Brevard,Florida,543972,596849,9.72
Granite,Montana,3080,3378,9.68
La Plata,Colorado,51343,56310,9.67
Lubbock,Texas,280304,307412,9.67
Fannin,Georgia,23676,25964,9.66
San Francisco,California,805550,883305,9.65
Sandoval,New Mexico,132430,145179,9.63
Skagit,Washington,116954,128206,9.62
Yolo,California,201083,220408,9.61
Douglas,Georgia,132595,145331,9.61
Sanpete,Utah,27939,30623,9.61
Albemarle,Virginia,99196,108718,9.6
Kent,Delaware,162955,178550,9.57
Cleveland,Oklahoma,257079,281669,9.57
Bulloch,Georgia,70562,77296,9.54
San Joaquin,California,687156,752660,9.53
Martin,Florida,146916,160912,9.53
Box Elder,Utah,50170,54950,9.53
Johnson,Kansas,545665,597555,9.51
Bay,Florida,169205,185287,9.5
Lincoln,Missouri,52702,57686,9.46
Faulkner,Arkansas,114031,124806,9.45
Story,Iowa,89654,98105,9.43
Yoakum,Texas,7851,8591,9.43
Smith,Texas,210408,230221,9.42
Crane,Texas,4382,4794,9.4
Newton,Georgia,100154,109541,9.37
Bonner,Idaho,40908,44727,9.34
Douglas,Nebraska,518570,566880,9.32
Contra Costa,California,1052559,1150215,9.28
Rich,Utah,2255,2464,9.27
DeKalb,Georgia,692471,756558,9.25
Lafayette Parish,Louisiana,222264,242782,9.23
Henderson,North Carolina,106887,116748,9.23
Douglas,Kansas,111195,121436,9.21
Jefferson,Iowa,16836,18381,9.18
Frederick,Maryland,234204,255648,9.16
Spotsylvania,Virginia,122971,134238,9.16
Uintah,Utah,32469,35438,9.14
Hennepin,Minnesota,1154192,1259428,9.12
Macon,Tennessee,22237,24265,9.12
Orange,Virginia,33580,36644,9.12
Menominee,Wisconsin,4269,4658,9.11
Wagoner,Oklahoma,73426,80110,9.1
Fayette,Kentucky,296847,323780,9.07
Ward,North Dakota,62119,67744,9.06
Madison,Alabama,336093,366519,9.05
Alachua,Florida,247613,269956,9.02
Spokane,Washington,472089,514631,9.01
Wright,Minnesota,125095,136349,9
Guilford,North Carolina,489589,533670,9
Orange,North Carolina,133986,146027,8.99
Boise,Idaho,7006,7634,8.96
Linn,Oregon,116887,127335,8.94
Loudon,Tennessee,48700,53054,8.94
Winkler,Texas,7087,7720,8.93
La Salle,Texas,6914,7531,8.92
Manassas city,Virginia,38232,41641,8.92
Sevier,Tennessee,89921,97892,8.86
Bullitt,Kentucky,74499,81069,8.82
Chatham,Georgia,265792,289195,8.81
Gilmer,Georgia,28321,30816,8.81
Bedford,Tennessee,45077,49038,8.79
Warren,Ohio,213451,232173,8.77
Lumpkin,Georgia,30309,32955,8.73
Hancock,Indiana,70229,76351,8.72
Lynchburg city,Virginia,75551,82126,8.7
Grant,Washington,89569,97331,8.67
Putnam,Tennessee,72558,78843,8.66
Fairfax city,Virginia,22615,24574,8.66
Marion,Florida,331340,359977,8.64
Boundary,Idaho,10999,11948,8.63
Williamsburg city,Virginia,13716,14896,8.6
Pickens,Georgia,29457,31980,8.57
Chesapeake city,Virginia,223550,242634,8.54
Buncombe,North Carolina,238737,259103,8.53
Missoula,Montana,109466,118791,8.52
San Juan,Washington,15784,17128,8.51
Klickitat,Washington,20376,22107,8.5
Beadle,South Dakota,17406,18883,8.49
Santa Clara,California,1786079,1937570,8.48
Washington,Minnesota,238936,259201,8.48
San Jacinto,Texas,26474,28719,8.48
Costilla,Colorado,3529,3828,8.47
Ouray,Colorado,4456,4833,8.46
Livingston Parish,Louisiana,128679,139567,8.46
Jackson,South Dakota,3049,3307,8.46
Clarke,Georgia,117410,127330,8.45
Hawaii,Hawaii,185358,200983,8.43
Kent,Michigan,602983,653786,8.43
Sacramento,California,1421414,1540975,8.41
Russell,Alabama,53307,57781,8.39
Teton,Wyoming,21297,23081,8.38
Jefferson,Colorado,535833,580233,8.29
Sherburne,Minnesota,88798,96036,8.15
Clay,Minnesota,59145,63955,8.13
Olmsted,Minnesota,144526,156277,8.13
Gaston,North Carolina,206105,222846,8.12
Bossier Parish,Louisiana,117669,127185,8.09
Lewis and Clark,Montana,63575,68700,8.06
Broadwater,Montana,5632,6085,8.04
Hamilton,Tennessee,337221,364286,8.03
Ramsey,Minnesota,509389,550210,8.01
Rankin,Mississippi,142517,153902,7.99
Fauquier,Virginia,65447,70675,7.99
Jackson,Oregon,203343,219564,7.98
Yellowstone,Montana,148388,160137,7.92
McLennan,Texas,235917,254607,7.92
Solano,California,413944,446610,7.89
Forsyth,North Carolina,351393,379099,7.88
Yuba,California,72350,78041,7.87
Maui,Hawaii,155006,167207,7.87
Lane,Oregon,351923,379611,7.87
Mason,Washington,60735,65507,7.86
Webster,Missouri,36263,39109,7.85
Montgomery,Maryland,976287,1052567,7.81
Union,South Dakota,14492,15619,7.78
Waynesboro city,Virginia,20994,22628,7.78
Lea,New Mexico,64599,69611,7.76
Yamhill,Oregon,99300,107002,7.76
DeKalb,Tennessee,18690,20138,7.75
San Diego,California,3103306,3343364,7.74
Latah,Idaho,37254,40134,7.73
Bartholomew,Indiana,76820,82753,7.72
Lake,Colorado,7264,7824,7.71
Bradley,Tennessee,99086,106727,7.71
Gillespie,Texas,24887,26804,7.7
Love,Oklahoma,9412,10134,7.67
McHenry,North Dakota,5402,5816,7.66
Benton,Oregon,85574,92101,7.63
Yuma,Arizona,197138,212128,7.6
Taney,Missouri,51910,55852,7.59
Dickson,Tennessee,49685,53446,7.57
Wood,Texas,41981,45129,7.5
Suffolk city,Virginia,84823,91185,7.5
Winchester city,Virginia,26150,28108,7.49
Richland,South Carolina,385757,414576,7.47
Knox,Tennessee,432947,465289,7.47
Buffalo,Nebraska,46174,49615,7.45
Caroline,Virginia,28641,30772,7.44
Eddy,New Mexico,53901,57900,7.42
Greene,Arkansas,42200,45325,7.41
Dare,North Carolina,33982,36501,7.41
Maverick,Texas,54448,58485,7.41
Lampasas,Texas,19766,21229,7.4
Gilchrist,Florida,16999,18256,7.39
Franklin,Idaho,12781,13726,7.39
Hancock,Mississippi,44081,47334,7.38
Lincoln,Wyoming,18098,19434,7.38
Lincoln,Oregon,46000,49388,7.37
Jackson,North Carolina,40357,43327,7.36
Hanover,Virginia,99899,107239,7.35
Island,Washington,78690,84460,7.33
DeSoto,Florida,34933,37489,7.32
Kauai,Hawaii,67213,72133,7.32
Washtenaw,Michigan,345658,370963,7.32
Clallam,Washington,71509,76737,7.31
Laramie,Wyoming,92235,98976,7.31
Park,Montana,15600,16736,7.28
Skamania,Washington,11115,11924,7.28
Adams,Idaho,3962,4250,7.27
Brown,South Dakota,36652,39316,7.27
Lincoln,North Carolina,78104,83770,7.25
Lyon,Nevada,52043,55808,7.23
Harris,Georgia,32153,34475,7.22
Clatsop,Oregon,37086,39764,7.22
Kitsap,Washington,251676,269805,7.2
Lonoke,Arkansas,68720,73657,7.18
Tulsa,Oklahoma,605008,648360,7.17
Greene,Virginia,18458,19779,7.16
Anderson,South Carolina,187109,200482,7.15
Tuscaloosa,Alabama,194996,208911,7.14
Henrico,Virginia,307307,329261,7.14
Middlesex,Massachusetts,1507693,1614714,7.1
George,Mississippi,22649,24250,7.07
Ravalli,Montana,40325,43172,7.06
Duchesne,Utah,18647,19964,7.06
Robertson,Tennessee,66333,71012,7.05
Merced,California,256732,274765,7.02
Camden,North Carolina,10009,10710,7
Jerome,Idaho,22454,24015,6.95
San Mateo,California,719725,769545,6.92
Goochland,Virginia,21746,23244,6.89
Teller,Colorado,23469,25083,6.88
Highlands,Florida,98634,105424,6.88
Elko,Nevada,49085,52460,6.88
Kane,Utah,7213,7709,6.88
Glynn,Georgia,79739,85219,6.87
Simpson,Kentucky,17339,18529,6.86
Prince George,Virginia,35644,38082,6.84
Anne Arundel,Maryland,539277,576031,6.82
Tom Green,Texas,110678,118189,6.79
Anoka,Minnesota,331436,353813,6.75
Carroll,Georgia,110667,118121,6.74
Stanislaus,California,515165,549815,6.73
Mason,Texas,4010,4280,6.73
Carter,Montana,1160,1238,6.72
Linn,Iowa,211697,225909,6.71
Dallam,Texas,6748,7200,6.7
Fresno,California,932063,994400,6.69
Burleson,Texas,17236,18389,6.69
Warren,Virginia,37502,40003,6.67
Glades,Florida,12870,13724,6.64
Todd,South Dakota,9643,10283,6.64
Bethel Census Area,Alaska,17085,18216,6.62
Kern,California,841072,896764,6.62
Blount,Tennessee,123199,131349,6.62
Bath,Kentucky,11616,12383,6.6
Cumberland,Pennsylvania,235902,251423,6.58
Dakota,Minnesota,399206,425423,6.57
Garfield,Colorado,56092,59770,6.56
Grimes,Texas,26615,28360,6.56
Warren,Missouri,32578,34711,6.55
Pitt,North Carolina,168853,179914,6.55
Burke,North Dakota,1971,2100,6.54
St. Mary's,Maryland,105762,112664,6.53
Hendry,Florida,39013,41556,6.52
Van Zandt,Texas,52589,56019,6.52
Cowlitz,Washington,102357,108987,6.48
Carbon,Montana,10063,10714,6.47
Nueces,Texas,340253,362265,6.47
Grand Traverse,Michigan,86971,92573,6.44
Pinellas,Florida,916424,975280,6.42
Fairfield,Ohio,146399,155782,6.41
San Bernardino,California,2040910,2171603,6.4
Garfield,Montana,1192,1268,6.38
Hudson,New Jersey,635634,676061,6.36
Lawrence,South Dakota,24205,25741,6.35
Leavenworth,Kansas,76510,81352,6.33
Rockingham,Virginia,76407,81244,6.33
Bartow,Georgia,100087,106408,6.32
Kershaw,South Carolina,61706,65592,6.3
St. Croix,Wisconsin,84406,89694,6.26
Montgomery,Kentucky,26551,28203,6.22
Walker,Texas,68243,72480,6.21
Cumberland,Tennessee,56197,59673,6.19
Lee,North Carolina,57886,61452,6.16
Los Alamos,New Mexico,17994,19101,6.15
Jefferson,Washington,29891,31729,6.15
Clark,Indiana,110572,117360,6.14
St. Clair,Alabama,83566,88690,6.13
Rockdale,Georgia,85363,90594,6.13
Blaine,Idaho,21296,22601,6.13
Marshall,Oklahoma,15836,16806,6.13
Coconino,Arizona,134618,142854,6.12
Columbia,Oregon,49355,52377,6.12
Fayette,Georgia,106938,113459,6.1
Tillamook,Oregon,25254,26787,6.07
Essex,Massachusetts,745479,790638,6.06
Somervell,Texas,8501,9016,6.06
Lowndes,Georgia,109692,116321,6.04
Greene,Missouri,275303,291923,6.04
Jefferson,Montana,11408,12097,6.04
Monroe,Indiana,138560,146917,6.03
McLean,North Dakota,8998,9541,6.03
Oliver,North Dakota,1841,1952,6.03
Payne,Oklahoma,77399,82040,6
Leon,Florida,275969,292502,5.99
Woodford,Kentucky,25033,26533,5.99
Brown,Wisconsin,248484,263378,5.99
Jefferson,West Virginia,53606,56811,5.98
Camden,Georgia,50660,53677,5.96
Fairfax,Virginia,1086127,1150795,5.95
Victoria,Texas,86876,92035,5.94
Grady,Oklahoma,52441,55551,5.93
Pontotoc,Mississippi,30057,31833,5.91
Outagamie,Wisconsin,176913,187365,5.91
Roosevelt,Montana,10444,11059,5.89
King William,Virginia,15999,16939,5.88
Chelan,Washington,72756,77036,5.88
Escambia,Florida,298039,315534,5.87
Clear Creek,Colorado,9073,9605,5.86
Albany,Wyoming,36465,38601,5.86
Pima,Arizona,981653,1039073,5.85
LaGrange,Indiana,37158,39330,5.85
Onslow,North Carolina,186889,197683,5.78
Lebanon,Pennsylvania,133643,141314,5.74
Austin,Texas,28362,29989,5.74
Rogers,Oklahoma,87000,91984,5.73
Gem,Idaho,16687,17634,5.68
Custer,Oklahoma,27478,29036,5.67
Stearns,Minnesota,150754,159256,5.64
Grand Forks,North Dakota,66991,70770,5.64
Kalamazoo,Michigan,250746,264870,5.63
Orange,California,3016559,3185968,5.62
Anderson,Kentucky,21457,22663,5.62
Livingston,Michigan,181064,191224,5.61
Kerr,Texas,49622,52405,5.61
Becker,Minnesota,32549,34371,5.6
Strafford,New Hampshire,123196,130090,5.6
Isanti,Minnesota,37855,39966,5.58
Wrangell City and Borough,Alaska,2371,2503,5.57
Centre,Pennsylvania,154218,162805,5.57
Eau Claire,Wisconsin,99014,104534,5.57
Jackson,Texas,14091,14874,5.56
Coffee,Tennessee,52772,55700,5.55
Pacific,Washington,20878,22036,5.55
Eagle,Colorado,52104,54993,5.54
Marion,Indiana,904602,954670,5.53
Aiken,South Carolina,160531,169401,5.53
Starr,Texas,61147,64525,5.52
Douglas,Minnesota,35987,37964,5.49
Cooke,Texas,38474,40574,5.46
Allen,Indiana,355939,375351,5.45
Josephine,Oregon,82875,87393,5.45
Licking,Ohio,166705,175769,5.44
Custer,South Dakota,8276,8726,5.44
Oconee,South Carolina,74341,78374,5.43
Lewis,Washington,75505,79604,5.43
Benton,Minnesota,38464,40545,5.41
Fayette,Tennessee,38428,40507,5.41
Habersham,Georgia,43064,45388,5.4
Union,Mississippi,27142,28606,5.39
Morgan,Georgia,17894,18853,5.36
Allen,Kentucky,20048,21122,5.36
Kenai Peninsula Borough,Alaska,55561,58533,5.35
Wakulla,Florida,30825,32461,5.31
Sequatchie,Tennessee,14127,14876,5.3
Live Oak,Texas,11556,12166,5.28
El Dorado,California,181133,190678,5.27
Buffalo,South Dakota,1934,2036,5.27
San Luis Obispo,California,269805,284010,5.26
Santa Barbara,California,424235,446527,5.25
Calcasieu Parish,Louisiana,193027,203112,5.22
Catoosa,Georgia,64081,67420,5.21
Clinton,Michigan,75406,79332,5.21
Blue Earth,Minnesota,64085,67427,5.21
Cass,Missouri,99757,104954,5.21
Allegan,Michigan,111528,117327,5.2
Gonzales,Texas,19798,20826,5.19
Rowan,Kentucky,23374,24583,5.17
Golden Valley,North Dakota,1682,1769,5.17
Tulare,California,442994,465861,5.16
Adams,Washington,18789,19759,5.16
Haywood,North Carolina,58935,61971,5.15
Butte,California,219945,231256,5.14
Camp,Texas,12397,13033,5.13
Madison,Georgia,28205,29650,5.12
Kingfisher,Oklahoma,15045,15816,5.12
Lehigh,Pennsylvania,350164,368100,5.12
Queen Anne's,Maryland,47809,50251,5.11
Karnes,Texas,14889,15650,5.11
Beltrami,Minnesota,44572,46847,5.1
Monroe,Georgia,26186,27520,5.09
Nelson,Kentucky,43631,45851,5.09
Madison,Arkansas,15684,16481,5.08
Lake,Montana,28790,30250,5.07
Pueblo,Colorado,159466,167529,5.06
Sioux,North Dakota,4148,4358,5.06
Goliad,Texas,7219,7584,5.06
Pend Oreille,Washington,12949,13602,5.04
Prince George's,Maryland,865747,909308,5.03
Clay,North Carolina,10607,11139,5.02
Hand,South Dakota,3434,3262,-5.01
Lincoln,Arkansas,14090,13383,-5.02
Crawford,Illinois,19802,18807,-5.02
McCreary,Kentucky,18329,17408,-5.02
Bradley,Arkansas,11474,10897,-5.03
Alger,Michigan,9579,9097,-5.03
Scioto,Ohio,79502,75502,-5.03
Union,Illinois,17735,16841,-5.04
Chautauqua,New York,134725,127939,-5.04
Crawford,Ohio,43754,41550,-5.04
Union,Kentucky,15278,14505,-5.06
Jefferson,Oklahoma,6449,6123,-5.06
Randolph,Indiana,26178,24851,-5.07
Rio Blanco,Colorado,6675,6336,-5.08
Edwards,Illinois,6734,6392,-5.08
Wilkin,Minnesota,6589,6254,-5.08
Chariton,Missouri,7850,7451,-5.08
Mercer,Pennsylvania,116612,110683,-5.08
Valdez-Cordova Census Area,Alaska,9655,9164,-5.09
Arenac,Michigan,15847,15041,-5.09
Yukon-Koyukuk Census Area,Alaska,5613,5327,-5.1
Lancaster,Virginia,11362,10783,-5.1
Perry,Illinois,22315,21174,-5.11
Salem,New Jersey,65976,62607,-5.11
Wilbarger,Texas,13511,12820,-5.11
Hancock,West Virginia,30663,29094,-5.12
Tyler,West Virginia,9218,8746,-5.12
West Carroll Parish,Louisiana,11576,10982,-5.13
Crittenden,Arkansas,50959,48342,-5.14
Antelope,Nebraska,6679,6336,-5.14
Mercer,West Virginia,62337,59131,-5.14
Calhoun,Georgia,6697,6352,-5.15
Wilkinson,Georgia,9527,9036,-5.15
Burt,Nebraska,6840,6488,-5.15
Redwood,Minnesota,16079,15249,-5.16
St. Louis city,Missouri,319318,302838,-5.16
Alpine,California,1161,1101,-5.17
Allegany,New York,48962,46430,-5.17
Hancock,Iowa,11297,10712,-5.18
Deuel,Nebraska,1925,1825,-5.19
Danville city,Virginia,42921,40693,-5.19
Macoupin,Illinois,47799,45313,-5.2
Harrison,Iowa,14909,14134,-5.2
Seward,Kansas,22974,21780,-5.2
Worth,Missouri,2152,2040,-5.2
Richardson,Nebraska,8372,7937,-5.2
Essex,New York,39350,37300,-5.21
Orleans,New York,42842,40612,-5.21
Chemung,New York,88898,84254,-5.22
Kimble,Texas,4602,4362,-5.22
Naguabo Municipio,Puerto Rico,26774,25376,-5.22
Armstrong,Pennsylvania,68865,65263,-5.23
Montmorency,Michigan,9777,9265,-5.24
Sullivan,Pennsylvania,6407,6071,-5.24
Pike,Arkansas,11264,10673,-5.25
Brown,Illinois,6919,6556,-5.25
Clinton,Iowa,49097,46518,-5.25
Union,South Carolina,28929,27410,-5.25
Fayette,Indiana,24326,23047,-5.26
Calhoun,West Virginia,7657,7254,-5.26
Knox,Illinois,52913,50112,-5.29
St. John the Baptist Parish,Louisiana,45594,43184,-5.29
Irion,Texas,1607,1522,-5.29
Nicholas,West Virginia,26230,24842,-5.29
Lawrence,Pennsylvania,91003,86184,-5.3
Carbon,Utah,21403,20269,-5.3
Hodgeman,Kansas,1920,1818,-5.31
Elk,Pennsylvania,31861,30169,-5.31
Allegany,Maryland,74966,70975,-5.32
Hot Springs,Wyoming,4811,4555,-5.32
Lake,Tennessee,7828,7411,-5.33
Barceloneta Municipio,Puerto Rico,24827,23504,-5.33
Dickinson,Kansas,19773,18717,-5.34
Norman,Minnesota,6840,6475,-5.34
Trumbull,Ohio,209837,198627,-5.34
Marion,Texas,10488,9928,-5.34
Fountain,Indiana,17275,16351,-5.35
Coleman,Texas,8872,8397,-5.35
Pawnee,Nebraska,2781,2632,-5.36
Smyth,Virginia,32198,30472,-5.36
Big Stone,Minnesota,5273,4989,-5.39
Winston,Mississippi,19200,18165,-5.39
Sussex,New Jersey,148827,140799,-5.39
Northampton,Virginia,12409,11735,-5.43
Franklin,Iowa,10706,10124,-5.44
Warren,Mississippi,48834,46176,-5.44
Warren,Pennsylvania,41771,39498,-5.44
Greene,Pennsylvania,38612,36506,-5.45
Red River,Texas,12877,12175,-5.45
Crockett,Texas,3701,3499,-5.46
Macon,Illinois,110784,104712,-5.48
McKean,Pennsylvania,43343,40968,-5.48
White Pine,Nevada,10026,9475,-5.5
Frontier,Nebraska,2760,2608,-5.51
Chase,Kansas,2783,2629,-5.53
Carbon,Wyoming,15848,14971,-5.53
Coles,Illinois,53868,50885,-5.54
Republic,Kansas,4938,4664,-5.55
Forest,Pennsylvania,7707,7279,-5.55
Mitchell,Georgia,23498,22192,-5.56
Nance,Nebraska,3740,3532,-5.56
Plumas,California,19914,18804,-5.57
Taliaferro,Georgia,1703,1608,-5.58
Montgomery,Missouri,12217,11534,-5.59
Greene,Mississippi,14392,13586,-5.6
Warren,North Carolina,20981,19807,-5.6
Jefferson,Ohio,69666,65767,-5.6
Monroe,Ohio,14608,13790,-5.6
Wheeler,Oregon,1447,1366,-5.6
Wells,North Dakota,4192,3957,-5.61
Bureau,Illinois,34959,32993,-5.62
Phillips,Kansas,5634,5317,-5.63
Issaquena,Mississippi,1386,1308,-5.63
Kimball,Nebraska,3834,3618,-5.63
Jefferson,Nebraska,7521,7097,-5.64
Southampton,Virginia,18637,17586,-5.64
Barton,Kansas,27674,26111,-5.65
Clay,Mississippi,20547,19386,-5.65
Jo Daviess,Illinois,22648,21366,-5.66
Buena Vista city,Virginia,6611,6237,-5.66
Stafford,Kansas,4429,4178,-5.67
Castro,Texas,8126,7665,-5.67
Grant,Indiana,69906,65936,-5.68
Marion,Kansas,12670,11950,-5.68
Linn,Missouri,12762,12037,-5.68
Mineral,Nevada,4786,4514,-5.68
Chenango,New York,50401,47536,-5.68
Bladen,North Carolina,35192,33190,-5.69
Hardeman,Texas,4159,3922,-5.7
Halifax,Virginia,36188,34120,-5.71
Tuscola,Michigan,55707,52516,-5.73
Brown,Nebraska,3154,2973,-5.74
Fayette,Iowa,20860,19660,-5.75
Rice,Kansas,10114,9531,-5.76
Attala,Mississippi,19487,18365,-5.76
Swisher,Texas,7918,7462,-5.76
Calhoun,Illinois,5096,4802,-5.77
Pope,Illinois,4470,4212,-5.77
Huron,Michigan,33083,31166,-5.79
Judith Basin,Montana,2072,1952,-5.79
Jackson,Oklahoma,26483,24949,-5.79
Ford,Illinois,14081,13264,-5.8
Owsley,Kentucky,4748,4472,-5.81
Beaver,Oklahoma,5647,5319,-5.81
Webster Parish,Louisiana,41196,38798,-5.82
Pipestone,Minnesota,9606,9047,-5.82
Carroll,Missouri,9283,8743,-5.82
Baca,Colorado,3807,3585,-5.83
Marion,South Carolina,32959,31039,-5.83
Orangeburg,South Carolina,92320,86934,-5.83
Las Piedras Municipio,Puerto Rico,38714,36458,-5.83
Brunswick,Virginia,17402,16384,-5.85
Iron,Michigan,11809,11117,-5.86
Fillmore,Nebraska,5871,5527,-5.86
Henry,Virginia,54132,50953,-5.87
Union,Arkansas,41573,39126,-5.89
Las Animas,Colorado,15413,14503,-5.9
Lenoir,North Carolina,59492,55976,-5.91
Raleigh,West Virginia,78916,74254,-5.91
Wayne,West Virginia,42455,39944,-5.91
Vermilion,Illinois,81639,76806,-5.92
Fremont,Iowa,7434,6993,-5.93
Socorro,New Mexico,17789,16735,-5.93
Wichita,Kansas,2238,2105,-5.94
Lamb,Texas,13994,13158,-5.97
Stephenson,Illinois,47607,44753,-5.99
Pawnee,Kansas,6980,6562,-5.99
Wilkes,Georgia,10508,9876,-6.01
Fulton,Illinois,37074,34844,-6.01
Butler,Alabama,20942,19680,-6.03
Yellow Medicine,Minnesota,10423,9795,-6.03
Claiborne,Mississippi,9581,9002,-6.04
Fairfield,South Carolina,23841,22402,-6.04
Culebra Municipio,Puerto Rico,1820,1710,-6.04
Christian,Illinois,34764,32661,-6.05
Concordia Parish,Louisiana,20840,19572,-6.08
Greene,Illinois,13890,13044,-6.09
Walthall,Mississippi,15405,14465,-6.1
Baraga,Michigan,8861,8320,-6.11
Little River,Arkansas,13130,12326,-6.12
Montgomery,Arkansas,9506,8924,-6.12
Amite,Mississippi,13130,12326,-6.12
Carroll,Ohio,28847,27081,-6.12
Sac,Iowa,10354,9719,-6.13
Harrison,Missouri,8963,8414,-6.13
Potter,South Dakota,2351,2207,-6.13
Newton,Arkansas,8316,7805,-6.14
Webster,Georgia,2782,2611,-6.15
Monona,Iowa,9248,8679,-6.15
Robertson,Kentucky,2275,2135,-6.15
San Miguel,New Mexico,29398,27591,-6.15
Carlisle,Kentucky,5084,4771,-6.16
Pembina,North Dakota,7403,6947,-6.16
Ohio,West Virginia,44495,41755,-6.16
Lawrence,Arkansas,17518,16434,-6.19
Edgar,Illinois,18507,17360,-6.2
Greer,Oklahoma,6207,5821,-6.22
Martinsville city,Virginia,13760,12902,-6.24
Grant,Kansas,7825,7336,-6.25
Decatur,Iowa,8419,7890,-6.28
Washington,Kansas,5784,5420,-6.29
Lauderdale,Mississippi,80388,75317,-6.31
Mecklenburg,Virginia,32715,30650,-6.31
Coal,Oklahoma,5894,5520,-6.35
Susquehanna,Pennsylvania,43343,40589,-6.35
Reynolds,Missouri,6680,6254,-6.38
Lunenburg,Virginia,12910,12086,-6.38
Roosevelt,New Mexico,20022,18743,-6.39
Campbell,South Dakota,1471,1377,-6.39
White,Illinois,14600,13665,-6.4
Aroostook,Maine,71701,67111,-6.4
Traverse,Minnesota,3534,3308,-6.4
Pierce,North Dakota,4360,4081,-6.4
Cotton,Oklahoma,6171,5776,-6.4
Rio Grande,Colorado,12023,11250,-6.43
Pulaski,Indiana,13326,12469,-6.43
Montgomery,Iowa,10690,10003,-6.43
Tyrrell,North Carolina,4415,4131,-6.43
Dorado Municipio,Puerto Rico,38239,35779,-6.43
Sussex,Virginia,12011,11237,-6.44
Worth,Georgia,21700,20299,-6.46
Haskell,Kansas,4273,3997,-6.46
Kanawha,West Virginia,192913,180454,-6.46
Hale,Alabama,15745,14726,-6.47
Clay,Kansas,8550,7997,-6.47
Roane,West Virginia,14895,13932,-6.47
Osceola,Iowa,6459,6040,-6.49
Bond,Illinois,17787,16630,-6.5
Cherokee,Iowa,12109,11321,-6.51
Juncos Municipio,Puerto Rico,40349,37723,-6.51
Carroll,Mississippi,10602,9911,-6.52
Arkansas,Arkansas,19011,17769,-6.53
Hancock,Illinois,19091,17844,-6.53
Fayette,West Virginia,46033,43018,-6.55
Blackford,Indiana,12771,11930,-6.59
Koochiching,Minnesota,13318,12440,-6.59
Cheyenne,Nebraska,9968,9310,-6.6
Franklin city,Virginia,8581,8013,-6.62
Union,Indiana,7537,7037,-6.63
Cross,Arkansas,17862,16676,-6.64
Smith,Kansas,3860,3603,-6.66
Rush,Kansas,3314,3093,-6.67
Kittson,Minnesota,4553,4248,-6.7
Ritchie,West Virginia,10419,9721,-6.7
Early,Georgia,10984,10247,-6.71
Edwards,Kansas,3054,2849,-6.71
Morris,Kansas,5918,5521,-6.71
Emmons,North Dakota,3532,3295,-6.71
Hale,Texas,36270,33830,-6.73
Coamo Municipio,Puerto Rico,40576,37845,-6.73
Clarke,Mississippi,16731,15604,-6.74
Barnwell,South Carolina,22637,21112,-6.74
Venango,Pennsylvania,54976,51266,-6.75
Miner,South Dakota,2374,2213,-6.78
Bullock,Alabama,10878,10138,-6.8
Lincoln,Kansas,3244,3023,-6.81
Franklin,Nebraska,3244,3023,-6.81
Mississippi,Missouri,14312,13336,-6.82
Renville,Minnesota,15683,14612,-6.83
Lauderdale,Tennessee,27719,25825,-6.83
Red River Parish,Louisiana,9099,8477,-6.84
Lake of the Woods,Minnesota,4035,3758,-6.86
Allen,Kansas,13363,12444,-6.88
Jackson,Arkansas,18057,16811,-6.9
Scott,Virginia,23129,21534,-6.9
Marshall,West Virginia,33071,30785,-6.91
Grant,New Mexico,29381,27346,-6.93
Lawrence,Illinois,16940,15765,-6.94
Kingman,Kansas,7857,7310,-6.96
Bienville Parish,Louisiana,14308,13308,-6.99
Morrill,Nebraska,5039,4686,-7.01
Carroll,Illinois,15392,14312,-7.02
Cherokee,Kansas,21527,20015,-7.02
Delaware,New York,47889,44527,-7.02
San Augustine,Texas,8854,8232,-7.03
Iroquois,Illinois,29701,27604,-7.06
Nuckolls,Nebraska,4514,4195,-7.07
Washington,Alabama,17627,16378,-7.09
Trego,Kansas,3006,2793,-7.09
Dickey,North Dakota,5277,4903,-7.09
Magoffin,Kentucky,13308,12362,-7.11
Briscoe,Texas,1632,1516,-7.11
Can�vanas Municipio,Puerto Rico,47685,44296,-7.11
Boyd,Nebraska,2105,1955,-7.13
Clarke,Alabama,25765,23920,-7.16
Halifax,North Carolina,54474,50574,-7.16
Cass,Iowa,13929,12930,-7.17
Claiborne Parish,Louisiana,17175,15944,-7.17
Clay,Kentucky,21660,20105,-7.18
Hardeman,Tennessee,27171,25220,-7.18
Conecuh,Alabama,13234,12277,-7.23
Bristol city,Virginia,17767,16482,-7.23
Jewell,Kansas,3063,2841,-7.25
Webster,Nebraska,3809,3533,-7.25
Sierra,California,3221,2987,-7.26
Miller,Georgia,6131,5686,-7.26
Comanche,Kansas,1885,1748,-7.27
Choctaw,Alabama,13849,12841,-7.28
Labette,Kansas,21534,19964,-7.29
Vernon Parish,Louisiana,52714,48860,-7.31
Russell,Virginia,28857,26748,-7.31
Hartley,Texas,6064,5619,-7.34
Van Buren,Iowa,7577,7020,-7.35
Anson,North Carolina,26852,24877,-7.36
Ozark,Missouri,9734,9017,-7.37
Mason,Illinois,14651,13565,-7.41
Prairie,Arkansas,8721,8074,-7.42
Catahoula Parish,Louisiana,10378,9608,-7.42
Bland,Virginia,6799,6293,-7.44
Bell,Kentucky,28709,26569,-7.45
Greeley,Nebraska,2546,2356,-7.46
Nevada,Arkansas,8998,8326,-7.47
Martin,North Carolina,24501,22671,-7.47
Brooke,West Virginia,23995,22203,-7.47
Sutton,Texas,4062,3758,-7.48
Clay,Arkansas,16049,14847,-7.49
Guadalupe,New Mexico,4693,4341,-7.5
Geary,Kansas,35240,32594,-7.51
Hatillo Municipio,Puerto Rico,41979,38826,-7.51
Pulaski,Georgia,11970,11069,-7.53
Scott,Illinois,5327,4926,-7.53
Pocahontas,Iowa,7289,6740,-7.53
Kiowa,Oklahoma,9442,8729,-7.55
Knott,Kentucky,16363,15126,-7.56
Washakie,Wyoming,8530,7885,-7.56
Cabo Rojo Municipio,Puerto Rico,50971,47117,-7.56
Sumter,Alabama,13730,12691,-7.57
Throckmorton,Texas,1639,1515,-7.57
Cleveland,Arkansas,8678,8018,-7.61
Griggs,North Dakota,2416,2232,-7.62
Winn Parish,Louisiana,15302,14134,-7.63
Tunica,Mississippi,10765,9944,-7.63
Sullivan,Missouri,6737,6221,-7.66
Wetzel,West Virginia,16537,15270,-7.66
Piute,Utah,1565,1445,-7.67
McIntosh,North Dakota,2800,2585,-7.68
Dooly,Georgia,14851,13706,-7.71
Wilson,Kansas,9392,8665,-7.74
Madison Parish,Louisiana,12105,11161,-7.8
Barber,Kansas,4852,4472,-7.83
Haywood,Tennessee,18812,17335,-7.85
McCormick,South Carolina,10213,9410,-7.86
Dunklin,Missouri,31945,29423,-7.89
Mora,New Mexico,4893,4506,-7.91
Clay,West Virginia,9373,8632,-7.91
Morovis Municipio,Puerto Rico,32651,30068,-7.91
Gogebic,Michigan,16396,15096,-7.93
Livingston,Illinois,38856,35761,-7.97
Jefferson,Mississippi,7721,7106,-7.97
Alleghany,Virginia,16201,14910,-7.97
Montgomery,Mississippi,10894,10023,-8
Adair,Iowa,7679,7063,-8.02
Lee,Virginia,25598,23541,-8.04
Gilmer,West Virginia,8731,8026,-8.07
Dickens,Texas,2447,2249,-8.09
Surry,Virginia,7044,6474,-8.09
Wilcox,Alabama,11564,10627,-8.1
Lac qui Parle,Minnesota,7246,6658,-8.11
Prairie,Montana,1183,1087,-8.11
Galax city,Virginia,6991,6423,-8.12
Bolivar,Mississippi,34105,31333,-8.13
Cottle,Texas,1512,1389,-8.13
Covington city,Virginia,5943,5460,-8.13
Tillman,Oklahoma,8000,7348,-8.15
Ashley,Arkansas,21828,20046,-8.16
Breathitt,Kentucky,13857,12726,-8.16
Edgecombe,North Carolina,56626,52005,-8.16
Cambria,Pennsylvania,143450,131730,-8.17
Hampton,South Carolina,21072,19351,-8.17
McDonough,Illinois,32628,29955,-8.19
Jones,South Dakota,1011,928,-8.21
Noxubee,Mississippi,11480,10535,-8.23
Latimer,Oklahoma,11153,10231,-8.27
Nelson,North Dakota,3128,2869,-8.28
Scott,Arkansas,11252,10319,-8.29
Cloud,Kansas,9519,8729,-8.3
Culberson,Texas,2404,2204,-8.32
Schuyler,Illinois,7535,6907,-8.33
Harper,Kansas,6007,5506,-8.34
Dickenson,Virginia,15847,14523,-8.35
St. Helena Parish,Louisiana,11199,10262,-8.37
Monroe,Alabama,23007,21067,-8.43
Taylor,Georgia,8779,8039,-8.43
Massac,Illinois,15380,14080,-8.45
Marion,Mississippi,26997,24715,-8.45
Summers,West Virginia,13940,12760,-8.46
Greene,Alabama,8995,8233,-8.47
Ness,Kansas,3104,2840,-8.51
Garden,Nebraska,2075,1897,-8.58
Wise,Virginia,41585,38012,-8.59
Hamilton,New York,4851,4434,-8.6
Jefferson,Georgia,16884,15430,-8.61
Atchison,Missouri,5658,5171,-8.61
Talbot,Georgia,6864,6272,-8.62
Henderson,Illinois,7343,6709,-8.63
Marshall,Illinois,12629,11534,-8.67
Harmon,Oklahoma,2917,2664,-8.67
Twiggs,Georgia,8969,8188,-8.71
Marlboro,South Carolina,28917,26398,-8.71
Dawson,Texas,13827,12619,-8.74
New Madrid,Missouri,18954,17296,-8.75
St. Mary Parish,Louisiana,54557,49774,-8.77
Clark,Kansas,2199,2005,-8.82
Tallahatchie,Mississippi,15340,13987,-8.82
Floyd,Texas,6403,5837,-8.84
Pendleton,West Virginia,7676,6997,-8.85
Trinity,California,13754,12535,-8.86
Lee,Kentucky,7718,7033,-8.88
Morehouse Parish,Louisiana,27872,25398,-8.88
Sierra,New Mexico,12042,10968,-8.92
Barbour,Alabama,27330,24881,-8.96
Perry,Kentucky,28661,26092,-8.96
Stonewall,Texas,1496,1362,-8.96
Quay,New Mexico,9066,8253,-8.97
Marengo,Alabama,20946,19066,-8.98
Emery,Utah,11005,10014,-9
Hickman,Kentucky,4859,4421,-9.01
Daggett,Utah,1077,980,-9.01
Sumter,Georgia,32683,29733,-9.03
East Carroll Parish,Louisiana,7737,7037,-9.05
Coosa,Alabama,11782,10715,-9.06
Bath,Virginia,4721,4292,-9.09
Clay,Georgia,3176,2887,-9.1
Stark,Illinois,5970,5427,-9.1
Montgomery,Kansas,35353,32120,-9.14
Toole,Montana,5343,4853,-9.17
Warren,Georgia,5782,5251,-9.18
Holmes,Mississippi,19405,17622,-9.19
Gallatin,Illinois,5574,5058,-9.26
Quitman,Georgia,2513,2279,-9.31
Chautauqua,Kansas,3649,3309,-9.32
Union,New Mexico,4542,4118,-9.34
Greenwood,Kansas,6680,6055,-9.36
Ouachita,Arkansas,26047,23606,-9.37
Barranquitas Municipio,Puerto Rico,30324,27476,-9.39
Adams,Iowa,4023,3645,-9.4
Hardin,Illinois,4318,3910,-9.45
Sioux,Nebraska,1311,1187,-9.46
Tazewell,Virginia,45127,40855,-9.47
Webster,West Virginia,9153,8285,-9.48
Modoc,California,9699,8777,-9.51
Bent,Colorado,6500,5882,-9.51
Terrell,Georgia,9525,8611,-9.6
Harlan,Kentucky,29219,26409,-9.62
Santa Isabel Municipio,Puerto Rico,23290,21037,-9.67
Audubon,Iowa,6098,5506,-9.71
Washington,North Carolina,13135,11859,-9.71
Osborne,Kansas,3850,3475,-9.74
St. Francis,Arkansas,28195,25439,-9.77
Meade,Kansas,4596,4146,-9.79
Hyde,South Dakota,1422,1282,-9.85
Hall,Texas,3359,3028,-9.85
Cochran,Texas,3147,2836,-9.88
Jefferson Davis,Mississippi,12472,11234,-9.93
Emmet,Iowa,10276,9253,-9.96
Baker,Georgia,3435,3092,-9.99
Hyde,North Carolina,5811,5230,-10
Leslie,Kentucky,11278,10143,-10.06
Fulton,Kentucky,6806,6120,-10.08
Cass,Illinois,13638,12260,-10.1
Vieques Municipio,Puerto Rico,9305,8364,-10.11
Lane,Kansas,1736,1560,-10.14
Floyd,Kentucky,39931,35845,-10.23
Pike,Kentucky,65075,58402,-10.25
Macon,Georgia,14645,13143,-10.26
Vega Alta Municipio,Puerto Rico,39946,35806,-10.36
Hormigueros Municipio,Puerto Rico,17250,15462,-10.37
Rinc�n Municipio,Puerto Rico,15203,13627,-10.37
Holt,Missouri,4915,4404,-10.4
Sharkey,Mississippi,4886,4377,-10.42
Butte,Idaho,2915,2611,-10.43
Bertie,North Carolina,21245,19026,-10.44
Naranjito Municipio,Puerto Rico,30387,27209,-10.46
Woodruff,Arkansas,7249,6490,-10.47
Bamberg,South Carolina,15956,14275,-10.54
Comer�o Municipio,Puerto Rico,20791,18598,-10.55
Florida Municipio,Puerto Rico,12688,11329,-10.71
Northampton,North Carolina,22039,19676,-10.72
Letcher,Kentucky,24534,21899,-10.74
Pulaski,Illinois,6122,5463,-10.76
Rock,Nebraska,1524,1360,-10.76
Lee,South Carolina,19209,17142,-10.76
Foard,Texas,1345,1200,-10.78
Leflore,Mississippi,32418,28919,-10.79
Boone,West Virginia,24605,21951,-10.79
Wilkinson,Mississippi,9863,8792,-10.86
Randolph,Georgia,7666,6833,-10.87
Williamsburg,South Carolina,34347,30606,-10.89
Dallas,Arkansas,8064,7182,-10.94
Pemiscot,Missouri,18271,16272,-10.94
A�asco Municipio,Puerto Rico,29265,26031,-11.05
Mississippi,Arkansas,46394,41239,-11.11
Donley,Texas,3734,3319,-11.11
Desha,Arkansas,12953,11512,-11.12
Adjuntas Municipio,Puerto Rico,19472,17302,-11.14
Mingo,West Virginia,26769,23785,-11.15
Turner,Georgia,8907,7912,-11.17
Sunflower,Mississippi,28981,25735,-11.2
Logan,West Virginia,36722,32607,-11.21
Stanton,Kansas,2245,1987,-11.49
Hancock,Georgia,9434,8348,-11.51
Chicot,Arkansas,11800,10438,-11.54
Humphreys,Mississippi,9335,8257,-11.55
Lassen,California,34832,30802,-11.57
Cameron,Pennsylvania,5082,4492,-11.61
Lowndes,Alabama,11289,9974,-11.65
Presidio,Texas,7876,6948,-11.78
Isabela Municipio,Puerto Rico,45654,40268,-11.8
R�o Grande Municipio,Puerto Rico,54295,47889,-11.8
Washington,Mississippi,51096,45063,-11.81
Colfax,New Mexico,13733,12110,-11.82
Quebradillas Municipio,Puerto Rico,25895,22828,-11.84
Dundy,Nebraska,2008,1770,-11.85
Buchanan,Virginia,24082,21221,-11.88
Jefferson,Arkansas,77339,68114,-11.93
Cidra Municipio,Puerto Rico,43483,38288,-11.95
Cayey Municipio,Puerto Rico,48111,42349,-11.98
De Baca,New Mexico,2029,1781,-12.22
Juana D�az Municipio,Puerto Rico,50736,44510,-12.27
Luquillo Municipio,Puerto Rico,20055,17594,-12.27
Arroyo Municipio,Puerto Rico,19573,17169,-12.28
Martin,Kentucky,12913,11323,-12.31
Wyoming,West Virginia,23726,20786,-12.39
Bristol Bay Borough,Alaska,1002,877,-12.48
San Lorenzo Municipio,Puerto Rico,41023,35900,-12.49
Elk,Kansas,2867,2508,-12.52
Lafayette,Arkansas,7647,6682,-12.62
Aguada Municipio,Puerto Rico,41913,36621,-12.63
Dallas,Alabama,43860,38310,-12.65
Guayama Municipio,Puerto Rico,45277,39521,-12.71
Salinas Municipio,Puerto Rico,31042,27083,-12.75
Cimarron,Oklahoma,2469,2153,-12.8
Hidalgo,New Mexico,4864,4240,-12.83
Caguas Municipio,Puerto Rico,142863,124434,-12.9
Corozal Municipio,Puerto Rico,37130,32320,-12.95
Moca Municipio,Puerto Rico,40100,34909,-12.95
Camuy Municipio,Puerto Rico,35124,30503,-13.16
Aguas Buenas Municipio,Puerto Rico,28655,24848,-13.29
Kit Carson,Colorado,8263,7163,-13.31
Coahoma,Mississippi,26106,22628,-13.32
Humacao Municipio,Puerto Rico,58375,50532,-13.44
Mitchell,Texas,9413,8145,-13.47
Perry,Alabama,10567,9140,-13.5
Emporia city,Virginia,5920,5121,-13.5
Maricao Municipio,Puerto Rico,6277,5426,-13.56
Lee,Arkansas,10396,8985,-13.57
Quitman,Mississippi,8158,7051,-13.57
Orocovis Municipio,Puerto Rico,23421,20221,-13.66
Allendale,South Carolina,10354,8903,-14.01
Sabana Grande Municipio,Puerto Rico,25344,21741,-14.22
Macon,Alabama,21505,18439,-14.26
Guaynabo Municipio,Puerto Rico,97793,83787,-14.32
Aibonito Municipio,Puerto Rico,25874,22143,-14.42
Lajas Municipio,Puerto Rico,25704,21991,-14.45
Ontonagon,Michigan,6776,5795,-14.48
Arecibo Municipio,Puerto Rico,96222,82114,-14.66
Tensas Parish,Louisiana,5231,4462,-14.7
Trujillo Alto Municipio,Puerto Rico,74779,63746,-14.75
Manat� Municipio,Puerto Rico,44041,37393,-15.1
Yabucoa Municipio,Puerto Rico,37881,32158,-15.11
Ciales Municipio,Puerto Rico,18753,15918,-15.12
San Germ�n Municipio,Puerto Rico,35626,30229,-15.15
Patillas Municipio,Puerto Rico,19228,16310,-15.18
Monroe,Arkansas,8138,6900,-15.21
Maunabo Municipio,Puerto Rico,12235,10370,-15.24
Vega Baja Municipio,Puerto Rico,59548,50185,-15.72
San Sebasti�n Municipio,Puerto Rico,42347,35652,-15.81
Jayuya Municipio,Puerto Rico,16641,13947,-16.19
Carolina Municipio,Puerto Rico,176427,147661,-16.3
Toa Baja Municipio,Puerto Rico,89467,74623,-16.59
Utuado Municipio,Puerto Rico,33056,27545,-16.67
Aguadilla Municipio,Puerto Rico,60766,50598,-16.73
Phillips,Arkansas,21676,18029,-16.83
Cata�o Municipio,Puerto Rico,28084,23244,-17.23
Schleicher,Texas,3503,2895,-17.36
Villalba Municipio,Puerto Rico,26003,21476,-17.41
McDowell,West Virginia,22099,18223,-17.54
Guayanilla Municipio,Puerto Rico,21523,17719,-17.67
Morton,Kansas,3240,2667,-17.69
Lo�za Municipio,Puerto Rico,30017,24686,-17.76
Bayam�n Municipio,Puerto Rico,207646,170480,-17.9
San Juan Municipio,Puerto Rico,394239,320967,-18.59
Terrell,Texas,1011,823,-18.6
Mayag�ez Municipio,Puerto Rico,88793,71986,-18.93
Ceiba Municipio,Puerto Rico,13611,11018,-19.05
Yauco Municipio,Puerto Rico,41838,33860,-19.07
Las Mar�as Municipio,Puerto Rico,9869,7961,-19.33
Fajardo Municipio,Puerto Rico,36875,29699,-19.46
Ponce Municipio,Puerto Rico,165723,133191,-19.63
Gu�nica Municipio,Puerto Rico,19376,15551,-19.74
Pe�uelas Municipio,Puerto Rico,24214,19402,-19.87
Lares Municipio,Puerto Rico,30631,24484,-20.07
Alexander,Illinois,8206,6060,-26.15
